ROI_Name,X_base,Y_base
ROI_0,3044.0,7035.0
ROI_0,3044.0,7046.0
ROI_0,3044.0,7058.0
ROI_0,3044.0,7070.0
ROI_0,3044.0,7105.0
ROI_0,3044.0,7128.0
ROI_0,3044.0,7233.0
ROI_0,3091.0,7337.0
ROI_0,3149.0,7594.0
ROI_0,3184.0,7757.0
ROI_0,3207.0,7780.0
ROI_0,3277.0,8071.0
ROI_0,3336.0,8246.0
ROI_0,3405.0,8490.0
ROI_0,3452.0,8618.0
ROI_0,3568.0,8898.0
ROI_0,3627.0,9026.0
ROI_0,3697.0,9212.0
ROI_0,3731.0,9282.0
ROI_0,3755.0,9364.0
ROI_0,3766.0,9410.0
ROI_0,3790.0,9469.0
ROI_0,3801.0,9503.0
ROI_0,3825.0,9527.0
ROI_0,3825.0,9538.0
ROI_0,3836.0,9573.0
ROI_0,3848.0,9608.0
ROI_0,3871.0,9655.0
ROI_0,3883.0,9678.0
ROI_0,3906.0,9736.0
ROI_0,3918.0,9760.0
ROI_0,3929.0,9830.0
ROI_0,3941.0,9899.0
ROI_0,3988.0,10028.0
ROI_0,4011.0,10086.0
ROI_0,4011.0,10179.0
ROI_0,4011.0,10237.0
ROI_0,4011.0,10342.0
ROI_0,4023.0,10412.0
ROI_0,4058.0,10586.0
ROI_0,4069.0,10680.0
ROI_0,4092.0,10796.0
ROI_0,4092.0,10854.0
ROI_0,4092.0,10947.0
ROI_0,4092.0,11006.0
ROI_0,4034.0,11122.0
ROI_0,3988.0,11169.0
ROI_0,3976.0,11169.0
ROI_0,3941.0,11227.0
ROI_0,3895.0,11285.0
ROI_0,3860.0,11320.0
ROI_0,3825.0,11332.0
ROI_0,3766.0,11367.0
ROI_0,3743.0,11390.0
ROI_0,3673.0,11448.0
ROI_0,3627.0,11483.0
ROI_0,3580.0,11530.0
ROI_0,3557.0,11565.0
ROI_0,3557.0,11576.0
ROI_0,3534.0,11611.0
ROI_0,3499.0,11658.0
ROI_0,3464.0,11728.0
ROI_0,3429.0,11798.0
ROI_0,3394.0,11902.0
ROI_0,3359.0,11972.0
ROI_0,3301.0,12077.0
ROI_0,3266.0,12100.0
ROI_0,3231.0,12182.0
ROI_0,3207.0,12228.0
ROI_0,3173.0,12287.0
ROI_0,3161.0,12345.0
ROI_0,3149.0,12426.0
ROI_0,3138.0,12450.0
ROI_0,3114.0,12520.0
ROI_0,3114.0,12531.0
ROI_0,3091.0,12578.0
ROI_0,3079.0,12601.0
ROI_0,3079.0,12671.0
ROI_0,3079.0,12729.0
ROI_0,3079.0,12834.0
ROI_0,3079.0,12869.0
ROI_0,3079.0,12939.0
ROI_0,3079.0,12985.0
ROI_0,3091.0,13044.0
ROI_0,3103.0,13079.0
ROI_0,3114.0,13172.0
ROI_0,3114.0,13195.0
ROI_0,3114.0,13242.0
ROI_0,3114.0,13277.0
ROI_0,3138.0,13358.0
ROI_0,3149.0,13381.0
ROI_0,3149.0,13393.0
ROI_0,3161.0,13463.0
ROI_0,3161.0,13498.0
ROI_0,3173.0,13568.0
ROI_0,3184.0,13591.0
ROI_0,3219.0,13661.0
ROI_0,3231.0,13696.0
ROI_0,3266.0,13766.0
ROI_0,3277.0,13789.0
ROI_0,3336.0,13894.0
ROI_0,3359.0,13940.0
ROI_0,3382.0,13999.0
ROI_0,3394.0,14022.0
ROI_0,3405.0,14068.0
ROI_0,3417.0,14092.0
ROI_0,3440.0,14150.0
ROI_0,3452.0,14173.0
ROI_0,3475.0,14220.0
ROI_0,3487.0,14243.0
ROI_0,3534.0,14301.0
ROI_0,3534.0,14313.0
ROI_0,3545.0,14371.0
ROI_0,3568.0,14441.0
ROI_0,3592.0,14464.0
ROI_0,3592.0,14488.0
ROI_0,3615.0,14557.0
ROI_0,3638.0,14616.0
ROI_0,3673.0,14651.0
ROI_0,3697.0,14686.0
ROI_0,3720.0,14755.0
ROI_0,3731.0,14779.0
ROI_0,3766.0,14837.0
ROI_0,3778.0,14872.0
ROI_0,3801.0,14918.0
ROI_0,3813.0,14942.0
ROI_0,3836.0,14988.0
ROI_0,3860.0,15000.0
ROI_0,3883.0,15058.0
ROI_0,3895.0,15070.0
ROI_0,3941.0,15128.0
ROI_0,3953.0,15151.0
ROI_0,4023.0,15175.0
ROI_0,4058.0,15198.0
ROI_0,4104.0,15245.0
ROI_0,4127.0,15268.0
ROI_0,4151.0,15291.0
ROI_0,4162.0,15303.0
ROI_0,4197.0,15326.0
ROI_0,4232.0,15338.0
ROI_0,4290.0,15384.0
ROI_0,4325.0,15408.0
ROI_0,4395.0,15431.0
ROI_0,4419.0,15443.0
ROI_0,4453.0,15466.0
ROI_0,4500.0,15489.0
ROI_0,4523.0,15512.0
ROI_0,4570.0,15536.0
ROI_0,4593.0,15559.0
ROI_0,4628.0,15571.0
ROI_0,4675.0,15582.0
ROI_0,4686.0,15582.0
ROI_0,4733.0,15594.0
ROI_0,4756.0,15617.0
ROI_0,4768.0,15617.0
ROI_0,4803.0,15629.0
ROI_0,4814.0,15640.0
ROI_0,4838.0,15640.0
ROI_0,4849.0,15652.0
ROI_0,4896.0,15652.0
ROI_0,4931.0,15652.0
ROI_0,5001.0,15664.0
ROI_0,5036.0,15664.0
ROI_0,5082.0,15664.0
ROI_0,5106.0,15664.0
ROI_0,5129.0,15664.0
ROI_0,5141.0,15664.0
ROI_0,5175.0,15664.0
ROI_0,5210.0,15664.0
ROI_0,5304.0,15664.0
ROI_0,5350.0,15664.0
ROI_0,5397.0,15664.0
ROI_0,5432.0,15664.0
ROI_0,5502.0,15652.0
ROI_0,5548.0,15640.0
ROI_0,5665.0,15640.0
ROI_0,5734.0,15640.0
ROI_0,5851.0,15640.0
ROI_0,5932.0,15617.0
ROI_0,6037.0,15594.0
ROI_0,6084.0,15571.0
ROI_0,6142.0,15536.0
ROI_0,6189.0,15524.0
ROI_0,6258.0,15489.0
ROI_0,6352.0,15466.0
ROI_0,6433.0,15431.0
ROI_0,6491.0,15408.0
ROI_0,6573.0,15384.0
ROI_0,6608.0,15349.0
ROI_0,6678.0,15326.0
ROI_0,6701.0,15314.0
ROI_0,6724.0,15279.0
ROI_0,6736.0,15268.0
ROI_0,6759.0,15233.0
ROI_0,6794.0,15210.0
ROI_0,6829.0,15175.0
ROI_0,6852.0,15151.0
ROI_0,6922.0,15082.0
ROI_0,6980.0,15035.0
ROI_0,7039.0,14988.0
ROI_0,7062.0,14965.0
ROI_0,7062.0,14953.0
ROI_0,7085.0,14918.0
ROI_0,7109.0,14895.0
ROI_0,7144.0,14872.0
ROI_0,7155.0,14837.0
ROI_0,7213.0,14814.0
ROI_0,7237.0,14790.0
ROI_0,7248.0,14790.0
ROI_0,7295.0,14744.0
ROI_0,7307.0,14732.0
ROI_0,7353.0,14697.0
ROI_0,7388.0,14651.0
ROI_0,7423.0,14627.0
ROI_0,7446.0,14604.0
ROI_0,7481.0,14557.0
ROI_0,7516.0,14523.0
ROI_0,7563.0,14476.0
ROI_0,7563.0,14464.0
ROI_0,7598.0,14441.0
ROI_0,7609.0,14429.0
ROI_0,7621.0,14394.0
ROI_0,7621.0,14371.0
ROI_0,7644.0,14336.0
ROI_0,7656.0,14325.0
ROI_0,7679.0,14290.0
ROI_0,7691.0,14278.0
ROI_0,7726.0,14231.0
ROI_0,7749.0,14208.0
ROI_0,7807.0,14173.0
ROI_0,7842.0,14150.0
ROI_0,7900.0,14103.0
ROI_0,7970.0,14068.0
ROI_0,8075.0,14010.0
ROI_0,8133.0,13964.0
ROI_0,8238.0,13917.0
ROI_0,8285.0,13882.0
ROI_0,8331.0,13847.0
ROI_0,8355.0,13835.0
ROI_0,8390.0,13789.0
ROI_0,8424.0,13766.0
ROI_0,8459.0,13707.0
ROI_0,8483.0,13672.0
ROI_0,8506.0,13661.0
ROI_0,8541.0,13638.0
ROI_0,8564.0,13603.0
ROI_0,8588.0,13579.0
ROI_0,8622.0,13521.0
ROI_0,8646.0,13509.0
ROI_0,8692.0,13474.0
ROI_0,8704.0,13463.0
ROI_0,8716.0,13451.0
ROI_0,8716.0,13440.0
ROI_0,8751.0,13405.0
ROI_0,8774.0,13393.0
ROI_0,8832.0,13370.0
ROI_0,8879.0,13346.0
ROI_0,8902.0,13335.0
ROI_0,8914.0,13323.0
ROI_0,8937.0,13311.0
ROI_0,8972.0,13300.0
ROI_0,8995.0,13288.0
ROI_0,9018.0,13253.0
ROI_0,9053.0,13230.0
ROI_0,9077.0,13218.0
ROI_0,9100.0,13207.0
ROI_0,9100.0,13195.0
ROI_0,9123.0,13172.0
ROI_0,9146.0,13160.0
ROI_0,9205.0,13102.0
ROI_0,9240.0,13079.0
ROI_0,9310.0,13032.0
ROI_0,9333.0,13009.0
ROI_0,9356.0,12985.0
ROI_0,9379.0,12985.0
ROI_0,9403.0,12950.0
ROI_0,9449.0,12939.0
ROI_0,9496.0,12881.0
ROI_0,9507.0,12869.0
ROI_0,9519.0,12869.0
ROI_0,9542.0,12834.0
ROI_0,9566.0,12822.0
ROI_0,9612.0,12799.0
ROI_0,9636.0,12787.0
ROI_0,9636.0,12776.0
ROI_0,9671.0,12764.0
ROI_0,9682.0,12752.0
ROI_0,9694.0,12741.0
ROI_0,9705.0,12741.0
ROI_0,9717.0,12729.0
ROI_0,9752.0,12683.0
ROI_0,9764.0,12683.0
ROI_0,9799.0,12648.0
ROI_0,9822.0,12636.0
ROI_0,9857.0,12613.0
ROI_0,9880.0,12601.0
ROI_0,9915.0,12589.0
ROI_0,9927.0,12578.0
ROI_0,9962.0,12555.0
ROI_0,9985.0,12543.0
ROI_0,10020.0,12508.0
ROI_0,10043.0,12496.0
ROI_0,10090.0,12485.0
ROI_0,10090.0,12473.0
ROI_0,10113.0,12473.0
ROI_0,10113.0,12461.0
ROI_0,10125.0,12461.0
ROI_0,10136.0,12450.0
ROI_0,10160.0,12450.0
ROI_0,10183.0,12438.0
ROI_0,10195.0,12426.0
ROI_0,10229.0,12403.0
ROI_0,10253.0,12391.0
ROI_0,10276.0,12380.0
ROI_0,10288.0,12380.0
ROI_0,10299.0,12368.0
ROI_0,10311.0,12368.0
ROI_0,10346.0,12345.0
ROI_0,10358.0,12345.0
ROI_0,10381.0,12333.0
ROI_0,10393.0,12322.0
ROI_0,10427.0,12298.0
ROI_0,10439.0,12298.0
ROI_0,10462.0,12287.0
ROI_0,10462.0,12275.0
ROI_0,10486.0,12275.0
ROI_0,10497.0,12275.0
ROI_0,10509.0,12263.0
ROI_0,10521.0,12263.0
ROI_0,10532.0,12240.0
ROI_0,10567.0,12240.0
ROI_0,10602.0,12205.0
ROI_0,10625.0,12194.0
ROI_0,10649.0,12182.0
ROI_0,10660.0,12170.0
ROI_0,10684.0,12159.0
ROI_0,10695.0,12135.0
ROI_0,10707.0,12135.0
ROI_0,10707.0,12124.0
ROI_0,10742.0,12112.0
ROI_0,10754.0,12100.0
ROI_0,10788.0,12065.0
ROI_0,10800.0,12065.0
ROI_0,10835.0,12042.0
ROI_0,10847.0,12019.0
ROI_0,10893.0,12007.0
ROI_0,10905.0,12007.0
ROI_0,10928.0,11996.0
ROI_0,10963.0,11972.0
ROI_0,10963.0,11961.0
ROI_0,11010.0,11937.0
ROI_0,11033.0,11937.0
ROI_0,11103.0,11891.0
ROI_0,11149.0,11867.0
ROI_0,11208.0,11833.0
ROI_0,11231.0,11809.0
ROI_0,11243.0,11798.0
ROI_0,11266.0,11798.0
ROI_0,11289.0,11774.0
ROI_0,11312.0,11774.0
ROI_0,11347.0,11751.0
ROI_0,11347.0,11739.0
ROI_0,11406.0,11728.0
ROI_0,11417.0,11716.0
ROI_0,11441.0,11693.0
ROI_0,11464.0,11693.0
ROI_0,11487.0,11669.0
ROI_0,11499.0,11669.0
ROI_0,11510.0,11658.0
ROI_0,11510.0,11646.0
ROI_0,11534.0,11646.0
ROI_0,11545.0,11635.0
ROI_0,11545.0,11623.0
ROI_0,11569.0,11611.0
ROI_0,11569.0,11600.0
ROI_0,11592.0,11588.0
ROI_0,11592.0,11576.0
ROI_0,11615.0,11565.0
ROI_0,11627.0,11565.0
ROI_0,11650.0,11541.0
ROI_0,11673.0,11506.0
ROI_0,11708.0,11472.0
ROI_0,11732.0,11425.0
ROI_0,11743.0,11413.0
ROI_0,11790.0,11378.0
ROI_0,11813.0,11367.0
ROI_0,11825.0,11320.0
ROI_0,11837.0,11308.0
ROI_0,11848.0,11274.0
ROI_0,11860.0,11262.0
ROI_0,11871.0,11215.0
ROI_0,11883.0,11192.0
ROI_0,11906.0,11145.0
ROI_0,11930.0,11111.0
ROI_0,11953.0,11041.0
ROI_0,11976.0,11017.0
ROI_0,12000.0,10994.0
ROI_0,12011.0,10971.0
ROI_0,12023.0,10924.0
ROI_0,12034.0,10901.0
ROI_0,12058.0,10866.0
ROI_0,12069.0,10819.0
ROI_0,12104.0,10773.0
ROI_0,12116.0,10761.0
ROI_0,12139.0,10715.0
ROI_0,12151.0,10703.0
ROI_0,12174.0,10645.0
ROI_0,12186.0,10633.0
ROI_0,12198.0,10563.0
ROI_0,12209.0,10563.0
ROI_0,12221.0,10505.0
ROI_0,12232.0,10470.0
ROI_0,12244.0,10435.0
ROI_0,12256.0,10412.0
ROI_0,12267.0,10365.0
ROI_0,12291.0,10330.0
ROI_0,12314.0,10307.0
ROI_0,12314.0,10272.0
ROI_0,12337.0,10249.0
ROI_0,12337.0,10214.0
ROI_0,12372.0,10156.0
ROI_0,12384.0,10132.0
ROI_0,12407.0,10074.0
ROI_0,12407.0,10051.0
ROI_0,12430.0,9981.0
ROI_0,12430.0,9958.0
ROI_0,12454.0,9899.0
ROI_0,12454.0,9888.0
ROI_0,12465.0,9864.0
ROI_0,12465.0,9853.0
ROI_0,12477.0,9841.0
ROI_0,12477.0,9818.0
ROI_0,12477.0,9783.0
ROI_0,12477.0,9771.0
ROI_0,12489.0,9748.0
ROI_0,12489.0,9736.0
ROI_0,12500.0,9725.0
ROI_0,12500.0,9701.0
ROI_0,12500.0,9678.0
ROI_0,12512.0,9678.0
ROI_0,12512.0,9643.0
ROI_0,12512.0,9632.0
ROI_0,12524.0,9608.0
ROI_0,12524.0,9597.0
ROI_0,12524.0,9573.0
ROI_0,12524.0,9562.0
ROI_0,12524.0,9538.0
ROI_0,12535.0,9527.0
ROI_0,12535.0,9480.0
ROI_0,12535.0,9469.0
ROI_0,12535.0,9445.0
ROI_0,12535.0,9434.0
ROI_0,12535.0,9410.0
ROI_0,12535.0,9387.0
ROI_0,12547.0,9364.0
ROI_0,12547.0,9340.0
ROI_0,12547.0,9317.0
ROI_0,12547.0,9294.0
ROI_0,12547.0,9259.0
ROI_0,12547.0,9236.0
ROI_0,12547.0,9201.0
ROI_0,12547.0,9177.0
ROI_0,12547.0,9131.0
ROI_0,12547.0,9119.0
ROI_0,12547.0,9108.0
ROI_0,12547.0,9061.0
ROI_0,12547.0,9038.0
ROI_0,12547.0,9003.0
ROI_0,12535.0,8979.0
ROI_0,12535.0,8933.0
ROI_0,12535.0,8921.0
ROI_0,12535.0,8863.0
ROI_0,12535.0,8851.0
ROI_0,12535.0,8805.0
ROI_0,12535.0,8793.0
ROI_0,12535.0,8747.0
ROI_0,12535.0,8735.0
ROI_0,12535.0,8700.0
ROI_0,12524.0,8700.0
ROI_0,12524.0,8653.0
ROI_0,12524.0,8630.0
ROI_0,12500.0,8595.0
ROI_0,12489.0,8584.0
ROI_0,12477.0,8549.0
ROI_0,12477.0,8537.0
ROI_0,12477.0,8502.0
ROI_0,12465.0,8467.0
ROI_0,12454.0,8444.0
ROI_0,12430.0,8397.0
ROI_0,12419.0,8386.0
ROI_0,12407.0,8339.0
ROI_0,12395.0,8327.0
ROI_0,12372.0,8281.0
ROI_0,12361.0,8269.0
ROI_0,12349.0,8234.0
ROI_0,12349.0,8223.0
ROI_0,12314.0,8188.0
ROI_0,12302.0,8164.0
ROI_0,12291.0,8141.0
ROI_0,12279.0,8129.0
ROI_0,12256.0,8106.0
ROI_0,12244.0,8071.0
ROI_0,12221.0,8036.0
ROI_0,12221.0,8025.0
ROI_0,12198.0,8001.0
ROI_0,12198.0,7978.0
ROI_0,12163.0,7931.0
ROI_0,12151.0,7920.0
ROI_0,12139.0,7885.0
ROI_0,12128.0,7885.0
ROI_0,12116.0,7850.0
ROI_0,12116.0,7838.0
ROI_0,12104.0,7827.0
ROI_0,12104.0,7803.0
ROI_0,12081.0,7768.0
ROI_0,12069.0,7745.0
ROI_0,12058.0,7722.0
ROI_0,12046.0,7722.0
ROI_0,12034.0,7687.0
ROI_0,12023.0,7675.0
ROI_0,12000.0,7664.0
ROI_0,12000.0,7652.0
ROI_0,11976.0,7640.0
ROI_0,11965.0,7629.0
ROI_0,11941.0,7594.0
ROI_0,11941.0,7582.0
ROI_0,11918.0,7559.0
ROI_0,11906.0,7547.0
ROI_0,11883.0,7512.0
ROI_0,11860.0,7501.0
ROI_0,11837.0,7489.0
ROI_0,11825.0,7477.0
ROI_0,11813.0,7454.0
ROI_0,11802.0,7442.0
ROI_0,11767.0,7419.0
ROI_0,11755.0,7419.0
ROI_0,11743.0,7396.0
ROI_0,11732.0,7384.0
ROI_0,11673.0,7361.0
ROI_0,11650.0,7361.0
ROI_0,11639.0,7349.0
ROI_0,11627.0,7337.0
ROI_0,11604.0,7314.0
ROI_0,11592.0,7314.0
ROI_0,11557.0,7291.0
ROI_0,11545.0,7279.0
ROI_0,11510.0,7256.0
ROI_0,11499.0,7256.0
ROI_0,11487.0,7256.0
ROI_0,11476.0,7244.0
ROI_0,11464.0,7244.0
ROI_0,11452.0,7244.0
ROI_0,11429.0,7244.0
ROI_0,11406.0,7221.0
ROI_0,11394.0,7221.0
ROI_0,11382.0,7221.0
ROI_0,11371.0,7221.0
ROI_0,11347.0,7221.0
ROI_0,11312.0,7209.0
ROI_0,11289.0,7209.0
ROI_0,11266.0,7209.0
ROI_0,11266.0,7198.0
ROI_0,11243.0,7198.0
ROI_0,11231.0,7186.0
ROI_0,11219.0,7186.0
ROI_0,11208.0,7186.0
ROI_0,11196.0,7186.0
ROI_0,11161.0,7186.0
ROI_0,11149.0,7186.0
ROI_0,11138.0,7186.0
ROI_0,11126.0,7186.0
ROI_0,11115.0,7186.0
ROI_0,11091.0,7186.0
ROI_0,11080.0,7186.0
ROI_0,11045.0,7186.0
ROI_0,11021.0,7186.0
ROI_0,10975.0,7174.0
ROI_0,10940.0,7174.0
ROI_0,10893.0,7174.0
ROI_0,10870.0,7174.0
ROI_0,10847.0,7186.0
ROI_0,10835.0,7198.0
ROI_0,10800.0,7198.0
ROI_0,10788.0,7209.0
ROI_0,10754.0,7221.0
ROI_0,10742.0,7233.0
ROI_0,10707.0,7244.0
ROI_0,10684.0,7244.0
ROI_0,10649.0,7256.0
ROI_0,10625.0,7268.0
ROI_0,10590.0,7291.0
ROI_0,10556.0,7303.0
ROI_0,10521.0,7326.0
ROI_0,10486.0,7326.0
ROI_0,10462.0,7361.0
ROI_0,10451.0,7361.0
ROI_0,10404.0,7372.0
ROI_0,10381.0,7384.0
ROI_0,10358.0,7396.0
ROI_0,10346.0,7396.0
ROI_0,10323.0,7407.0
ROI_0,10311.0,7419.0
ROI_0,10299.0,7431.0
ROI_0,10276.0,7431.0
ROI_0,10276.0,7442.0
ROI_0,10253.0,7442.0
ROI_0,10229.0,7454.0
ROI_0,10218.0,7466.0
ROI_0,10195.0,7477.0
ROI_0,10171.0,7489.0
ROI_0,10136.0,7501.0
ROI_0,10125.0,7512.0
ROI_0,10113.0,7512.0
ROI_0,10090.0,7524.0
ROI_0,10055.0,7535.0
ROI_0,10020.0,7547.0
ROI_0,9997.0,7559.0
ROI_0,9938.0,7594.0
ROI_0,9915.0,7594.0
ROI_0,9868.0,7605.0
ROI_0,9845.0,7605.0
ROI_0,9822.0,7617.0
ROI_0,9775.0,7617.0
ROI_0,9740.0,7617.0
ROI_0,9717.0,7629.0
ROI_0,9671.0,7629.0
ROI_0,9659.0,7629.0
ROI_0,9647.0,7629.0
ROI_0,9612.0,7629.0
ROI_0,9601.0,7629.0
ROI_0,9566.0,7629.0
ROI_0,9542.0,7629.0
ROI_0,9507.0,7629.0
ROI_0,9473.0,7629.0
ROI_0,9426.0,7629.0
ROI_0,9391.0,7629.0
ROI_0,9356.0,7629.0
ROI_0,9321.0,7629.0
ROI_0,9286.0,7629.0
ROI_0,9263.0,7617.0
ROI_0,9228.0,7617.0
ROI_0,9205.0,7605.0
ROI_0,9181.0,7605.0
ROI_0,9170.0,7605.0
ROI_0,9112.0,7594.0
ROI_0,9088.0,7594.0
ROI_0,9030.0,7582.0
ROI_0,9007.0,7582.0
ROI_0,8972.0,7570.0
ROI_0,8960.0,7570.0
ROI_0,8925.0,7570.0
ROI_0,8914.0,7547.0
ROI_0,8890.0,7547.0
ROI_0,8867.0,7535.0
ROI_0,8832.0,7524.0
ROI_0,8820.0,7512.0
ROI_0,8809.0,7489.0
ROI_0,8797.0,7477.0
ROI_0,8774.0,7454.0
ROI_0,8751.0,7442.0
ROI_0,8751.0,7419.0
ROI_0,8739.0,7407.0
ROI_0,8739.0,7396.0
ROI_0,8739.0,7384.0
ROI_0,8727.0,7361.0
ROI_0,8727.0,7349.0
ROI_0,8716.0,7337.0
ROI_0,8716.0,7326.0
ROI_0,8716.0,7314.0
ROI_0,8716.0,7303.0
ROI_0,8716.0,7279.0
ROI_0,8704.0,7256.0
ROI_0,8681.0,7221.0
ROI_0,8681.0,7198.0
ROI_0,8669.0,7174.0
ROI_0,8669.0,7151.0
ROI_0,8669.0,7140.0
ROI_0,8669.0,7116.0
ROI_0,8669.0,7105.0
ROI_0,8669.0,7081.0
ROI_0,8669.0,7070.0
ROI_0,8669.0,7046.0
ROI_0,8669.0,7035.0
ROI_0,8669.0,7011.0
ROI_0,8669.0,6988.0
ROI_0,8669.0,6965.0
ROI_0,8669.0,6953.0
ROI_0,8669.0,6930.0
ROI_0,8669.0,6907.0
ROI_0,8669.0,6883.0
ROI_0,8657.0,6860.0
ROI_0,8657.0,6837.0
ROI_0,8657.0,6825.0
ROI_0,8657.0,6813.0
ROI_0,8657.0,6790.0
ROI_0,8669.0,6767.0
ROI_0,8669.0,6744.0
ROI_0,8669.0,6720.0
ROI_0,8669.0,6697.0
ROI_0,8669.0,6674.0
ROI_0,8669.0,6662.0
ROI_0,8681.0,6662.0
ROI_0,8681.0,6639.0
ROI_0,8681.0,6627.0
ROI_0,8681.0,6604.0
ROI_0,8681.0,6581.0
ROI_0,8681.0,6557.0
ROI_0,8681.0,6534.0
ROI_0,8681.0,6511.0
ROI_0,8692.0,6499.0
ROI_0,8692.0,6487.0
ROI_0,8692.0,6476.0
ROI_0,8692.0,6452.0
ROI_0,8692.0,6441.0
ROI_0,8704.0,6406.0
ROI_0,8704.0,6394.0
ROI_0,8704.0,6371.0
ROI_0,8716.0,6371.0
ROI_0,8716.0,6348.0
ROI_0,8727.0,6348.0
ROI_0,8727.0,6324.0
ROI_0,8739.0,6324.0
ROI_0,8739.0,6301.0
ROI_0,8751.0,6278.0
ROI_0,8774.0,6266.0
ROI_0,8785.0,6243.0
ROI_0,8797.0,6231.0
ROI_0,8797.0,6220.0
ROI_0,8820.0,6220.0
ROI_0,8832.0,6208.0
ROI_0,8844.0,6196.0
ROI_0,8855.0,6173.0
ROI_0,8867.0,6173.0
ROI_0,8879.0,6161.0
ROI_0,8879.0,6150.0
ROI_0,8902.0,6138.0
ROI_0,8914.0,6126.0
ROI_0,8937.0,6126.0
ROI_0,8937.0,6115.0
ROI_0,8949.0,6115.0
ROI_0,8960.0,6115.0
ROI_0,8983.0,6103.0
ROI_0,8983.0,6091.0
ROI_0,9007.0,6091.0
ROI_0,9007.0,6080.0
ROI_0,9042.0,6080.0
ROI_0,9053.0,6068.0
ROI_0,9077.0,6068.0
ROI_0,9100.0,6068.0
ROI_0,9112.0,6057.0
ROI_0,9123.0,6057.0
ROI_0,9135.0,6057.0
ROI_0,9170.0,6045.0
ROI_0,9181.0,6045.0
ROI_0,9193.0,6045.0
ROI_0,9216.0,6045.0
ROI_0,9240.0,6045.0
ROI_0,9251.0,6045.0
ROI_0,9275.0,6045.0
ROI_0,9286.0,6045.0
ROI_0,9356.0,6045.0
ROI_0,9368.0,6033.0
ROI_0,9403.0,6033.0
ROI_0,9414.0,6033.0
ROI_0,9426.0,6033.0
ROI_0,9438.0,6022.0
ROI_0,9473.0,6022.0
ROI_0,9496.0,5998.0
ROI_0,9519.0,5987.0
ROI_0,9566.0,5975.0
ROI_0,9589.0,5963.0
ROI_0,9624.0,5952.0
ROI_0,9647.0,5940.0
ROI_0,9671.0,5917.0
ROI_0,9705.0,5905.0
ROI_0,9810.0,5859.0
ROI_0,9892.0,5824.0
ROI_0,9973.0,5800.0
ROI_0,10020.0,5777.0
ROI_0,10078.0,5754.0
ROI_0,10090.0,5754.0
ROI_0,10125.0,5742.0
ROI_0,10160.0,5730.0
ROI_0,10195.0,5707.0
ROI_0,10218.0,5696.0
ROI_0,10241.0,5684.0
ROI_0,10264.0,5684.0
ROI_0,10288.0,5672.0
ROI_0,10311.0,5661.0
ROI_0,10311.0,5649.0
ROI_0,10346.0,5637.0
ROI_0,10369.0,5626.0
ROI_0,10416.0,5591.0
ROI_0,10439.0,5579.0
ROI_0,10474.0,5556.0
ROI_0,10497.0,5532.0
ROI_0,10544.0,5521.0
ROI_0,10579.0,5486.0
ROI_0,10602.0,5474.0
ROI_0,10602.0,5463.0
ROI_0,10625.0,5451.0
ROI_0,10637.0,5439.0
ROI_0,10649.0,5439.0
ROI_0,10672.0,5416.0
ROI_0,10707.0,5381.0
ROI_0,10742.0,5346.0
ROI_0,10765.0,5323.0
ROI_0,10788.0,5265.0
ROI_0,10812.0,5253.0
ROI_0,10847.0,5195.0
ROI_0,10870.0,5171.0
ROI_0,10893.0,5102.0
ROI_0,10940.0,5067.0
ROI_0,10940.0,5043.0
ROI_0,10998.0,4927.0
ROI_0,11021.0,4869.0
ROI_0,11080.0,4764.0
ROI_0,11126.0,4671.0
ROI_0,11184.0,4589.0
ROI_0,11208.0,4508.0
ROI_0,11243.0,4438.0
ROI_0,11254.0,4391.0
ROI_0,11278.0,4310.0
ROI_0,11289.0,4263.0
ROI_0,11289.0,4252.0
ROI_0,11301.0,4182.0
ROI_0,11324.0,4135.0
ROI_0,11324.0,4123.0
ROI_0,11324.0,4077.0
ROI_0,11324.0,4042.0
ROI_0,11324.0,3995.0
ROI_0,11324.0,3960.0
ROI_0,11324.0,3925.0
ROI_0,11324.0,3891.0
ROI_0,11324.0,3844.0
ROI_0,11312.0,3809.0
ROI_0,11301.0,3774.0
ROI_0,11278.0,3751.0
ROI_0,11266.0,3716.0
ROI_0,11254.0,3693.0
ROI_0,11243.0,3646.0
ROI_0,11219.0,3623.0
ROI_0,11208.0,3576.0
ROI_0,11184.0,3541.0
ROI_0,11138.0,3483.0
ROI_0,11115.0,3448.0
ROI_0,11115.0,3436.0
ROI_0,11080.0,3390.0
ROI_0,11068.0,3366.0
ROI_0,11045.0,3320.0
ROI_0,11033.0,3297.0
ROI_0,11010.0,3262.0
ROI_0,10975.0,3227.0
ROI_0,10951.0,3180.0
ROI_0,10917.0,3169.0
ROI_0,10870.0,3110.0
ROI_0,10835.0,3075.0
ROI_0,10777.0,3029.0
ROI_0,10754.0,3017.0
ROI_0,10754.0,2994.0
ROI_0,10707.0,2959.0
ROI_0,10660.0,2936.0
ROI_0,10556.0,2854.0
ROI_0,10532.0,2831.0
ROI_0,10462.0,2784.0
ROI_0,10404.0,2761.0
ROI_0,10323.0,2691.0
ROI_0,10311.0,2691.0
ROI_0,10241.0,2644.0
ROI_0,10160.0,2598.0
ROI_0,10101.0,2563.0
ROI_0,10008.0,2528.0
ROI_0,9973.0,2505.0
ROI_0,9892.0,2481.0
ROI_0,9857.0,2470.0
ROI_0,9775.0,2447.0
ROI_0,9740.0,2435.0
ROI_0,9682.0,2423.0
ROI_0,9647.0,2423.0
ROI_0,9601.0,2423.0
ROI_0,9566.0,2423.0
ROI_0,9473.0,2423.0
ROI_0,9426.0,2423.0
ROI_0,9368.0,2423.0
ROI_0,9344.0,2423.0
ROI_0,9286.0,2423.0
ROI_0,9240.0,2423.0
ROI_0,9158.0,2423.0
ROI_0,9123.0,2423.0
ROI_0,9053.0,2423.0
ROI_0,8995.0,2423.0
ROI_0,8890.0,2435.0
ROI_0,8832.0,2435.0
ROI_0,8692.0,2470.0
ROI_0,8599.0,2481.0
ROI_0,8459.0,2516.0
ROI_0,8401.0,2540.0
ROI_0,8227.0,2575.0
ROI_0,8110.0,2598.0
ROI_0,7947.0,2610.0
ROI_0,7796.0,2633.0
ROI_0,7563.0,2633.0
ROI_0,7435.0,2668.0
ROI_0,7272.0,2703.0
ROI_0,7178.0,2714.0
ROI_0,7074.0,2726.0
ROI_0,7027.0,2726.0
ROI_0,6946.0,2726.0
ROI_0,6899.0,2726.0
ROI_0,6841.0,2749.0
ROI_0,6794.0,2749.0
ROI_0,6713.0,2784.0
ROI_0,6631.0,2808.0
ROI_0,6491.0,2889.0
ROI_0,6410.0,2924.0
ROI_0,6387.0,2924.0
ROI_0,6270.0,2971.0
ROI_0,6177.0,2994.0
ROI_0,6061.0,3052.0
ROI_0,5991.0,3110.0
ROI_0,5851.0,3192.0
ROI_0,5746.0,3285.0
ROI_0,5618.0,3378.0
ROI_0,5560.0,3413.0
ROI_0,5490.0,3448.0
ROI_0,5455.0,3483.0
ROI_0,5385.0,3518.0
ROI_0,5350.0,3530.0
ROI_0,5292.0,3564.0
ROI_0,5234.0,3576.0
ROI_0,5141.0,3634.0
ROI_0,5129.0,3634.0
ROI_0,5071.0,3681.0
ROI_0,4931.0,3751.0
ROI_0,4861.0,3786.0
ROI_0,4756.0,3867.0
ROI_0,4698.0,3902.0
ROI_0,4663.0,3960.0
ROI_0,4628.0,3984.0
ROI_0,4570.0,4065.0
ROI_0,4558.0,4065.0
ROI_0,4547.0,4100.0
ROI_0,4523.0,4100.0
ROI_0,4465.0,4193.0
ROI_0,4442.0,4228.0
ROI_0,4384.0,4286.0
ROI_0,4372.0,4321.0
ROI_0,4325.0,4356.0
ROI_0,4302.0,4403.0
ROI_0,4256.0,4473.0
ROI_0,4209.0,4519.0
ROI_0,4139.0,4578.0
ROI_0,4092.0,4624.0
ROI_0,3999.0,4717.0
ROI_0,3941.0,4776.0
ROI_0,3848.0,4834.0
ROI_0,3801.0,4857.0
ROI_0,3766.0,4869.0
ROI_0,3731.0,4892.0
ROI_0,3708.0,4915.0
ROI_0,3685.0,4927.0
ROI_0,3650.0,4985.0
ROI_0,3615.0,5020.0
ROI_0,3580.0,5067.0
ROI_0,3534.0,5090.0
ROI_0,3510.0,5148.0
ROI_0,3499.0,5195.0
ROI_0,3475.0,5230.0
ROI_0,3464.0,5276.0
ROI_0,3429.0,5323.0
ROI_0,3405.0,5381.0
ROI_0,3359.0,5474.0
ROI_0,3347.0,5544.0
ROI_0,3301.0,5579.0
ROI_0,3289.0,5614.0
ROI_0,3266.0,5672.0
ROI_0,3266.0,5696.0
ROI_0,3231.0,5742.0
ROI_0,3219.0,5754.0
ROI_0,3196.0,5800.0
ROI_0,3184.0,5847.0
ROI_0,3161.0,5905.0
ROI_0,3149.0,5940.0
ROI_0,3138.0,5998.0
ROI_0,3114.0,6022.0
ROI_0,3091.0,6080.0
ROI_0,3091.0,6115.0
ROI_0,3079.0,6161.0
ROI_0,3079.0,6196.0
ROI_0,3079.0,6231.0
ROI_0,3079.0,6266.0
ROI_0,3079.0,6313.0
ROI_0,3079.0,6336.0
ROI_0,3079.0,6383.0
ROI_0,3068.0,6383.0
ROI_0,3056.0,6452.0
ROI_0,3056.0,6476.0
ROI_0,3044.0,6511.0
ROI_0,3044.0,6546.0
ROI_0,3044.0,6581.0
ROI_0,3044.0,6592.0
ROI_0,3044.0,6615.0
ROI_0,3044.0,6639.0
ROI_0,3044.0,6650.0
ROI_0,3044.0,6662.0
